title,link,date
From A Rithm Instructor: Technical Job Search Blockers,https://www.rithmschool.com/blog/rithm-instructor-technical-job-search-blockers,2021-03-12
Coming Up in Python: `match`,https://www.rithmschool.com/blog/coming-up-in-python-match,2021-03-03
2021 Rithm School Scholarships,https://www.rithmschool.com/blog/2021-rithm-school-scholarships,2021-02-24
6 Tips To Push Through The Discomfort Of The Job Search,https://www.rithmschool.com/blog/push-through-discomfort-of-the-job-search,2021-02-17
Our Updated Interview Process,https://www.rithmschool.com/blog/our-updated-interview-process,2021-01-25
Using The JavaScript Ternary Operator Effectively,https://www.rithmschool.com/blog/using-the-javascript-ternary-operator,2020-11-09
Seven Tips For Dealing With Imposter Syndrome,https://www.rithmschool.com/blog/dealing-with-coding-bootcamp-imposter-syndrome,2020-10-20
Alumni Spotlight: Genna Mergola,https://www.rithmschool.com/blog/alumni-spotlight-genna-mergola,2020-10-13
How To Get Into A Top Coding Bootcamp,https://www.rithmschool.com/blog/how-to-get-into-top-coding-bootcamp-rithm-school,2020-09-22
Taking Breaks: Why Being Busy Doesn't Equal Productivity,https://www.rithmschool.com/blog/taking-breaks-for-productivity,2020-08-18
Student Interview: R16 On Company Projects,https://www.rithmschool.com/blog/student-interview-r16-on-remote-company-projects,2020-08-11
5 Topics To Master Before Learning React Hooks,https://www.rithmschool.com/blog/5-topics-to-master-before-learning-react-hooks,2020-07-28
What You Can Learn From Learning A New Language,https://www.rithmschool.com/blog/what-you-can-learn-from-learning-a-new-language,2020-07-21
Software Engineering Careers Post Covid-19,https://www.rithmschool.com/blog/software-engineering-careers-post-covid-19,2020-07-08
What Coding Language You Should Learn To Get Hired In 2020,https://www.rithmschool.com/blog/what-coding-language-you-should-learn-to-get-hired-in-2020,2020-07-02
Alumni Spotlight: George Gruner,https://www.rithmschool.com/blog/alumni-spotlight-george-gruner,2020-06-24
A Tech Worker Reading List for 2020,https://www.rithmschool.com/blog/tech-worker-reading-list-for-2020,2020-06-08
JavaScript in 2020,https://www.rithmschool.com/blog/javascript-in-2020,2020-05-27
Rithm's Alumni Mentor Program,https://www.rithmschool.com/blog/bootcamp-alumni-mentorship-program,2020-05-12
Rithm School Remote Updates - Scholarships & Smaller Class Sizes,https://www.rithmschool.com/blog/remote-2020-updates-scholarships,2020-05-06
